report_date,ticker,weight_pct,shares,current_price_local,currency,market_value_eur,pnl_pct,total_score,suggested_action,conviction_tier,portfolio_role,fresh_cash_test,would_initiate_today,would_initiate_at_current_weight,thesis_score,implementation_score,replaceable_status,weeks_replaceable,best_alternative,alternative_score,contribution_quality,factor_overlap_flag,hedge_validity_status,cash_policy_flag,required_next_action,override_reason,discipline_flags,source_report
2026-08-07,CIBR,19.47,253.000000,97.850000,USD,21416.01,4.38,4.97,hold,Tier 2,Rotation destination,Hold / monitor,Smaller,No,,,None,0,,,Positive contributor,,Not hedge sleeve,Review if cash >3% and actionable lanes exist,Monitor relative strength and portfolio concentration.,,,current_run:output/pricing/price_audit_2026-08-07_20260809_002920.json
2026-08-07,GSG,9.14,374.000000,31.090000,USD,10058.88,-2.23,3.59,hold,Tier 2,Rotation destination,Hold / monitor,Smaller,No,,,None,0,,,Flat / opportunity-cost review,,Not hedge sleeve,Review if cash >3% and actionable lanes exist,Monitor commodity breadth and hedge contribution after execution.,,,current_run:output/pricing/price_audit_2026-08-07_20260809_002920.json
2026-08-07,IEFA,24.80,312.000000,101.080002,USD,27282.05,4.24,3.52,hold,Tier 3,Rotation destination,Hold / monitor,Smaller,No,,,None,0,,,Positive contributor,,Not hedge sleeve,Review if cash >3% and actionable lanes exist,Monitor non-U.S. breadth and SPY-relative performance.,,,current_run:output/pricing/price_audit_2026-08-07_20260809_002920.json
2026-08-07,PAVE,4.94,107.000000,58.690000,USD,5432.57,3.36,4.18,hold_with_override,Tier 2,Rotation destination,Smaller / under review,,,,,Hold under review,5,,,Positive contributor,,,,Complete PAVE-versus-GRID implementation duel.,,replaceable,current_run:output/pricing/price_audit_2026-08-07_20260809_002920.json
2026-08-07,SMH,27.04,59.000000,582.700010,USD,29740.91,38.70,4.28,hold_with_override,Tier 1,Growth engine,Smaller / under review,Smaller,No,4.43,4.03,Hold under review,7,SOXX,,Strong positive contributor,U.S. tech / AI overlap,Not hedge sleeve,Review if cash >3% and actionable lanes exist,"Force alternative duel; upgrade, reduce, replace, or close",Required if final action remains Hold despite discipline flags,factor_overlap;replaceable,current_run:output/pricing/price_audit_2026-08-07_20260809_002920.json
2026-08-07,URNM,2.06,48.000000,54.530000,USD,2264.30,-19.21,3.70,hold_with_override,Tier 2,Strategic energy,Hold,Smaller,No,3.85,3.50,None,0,URA/NLR,,Material drag,,Not hedge sleeve,Review if cash >3% and actionable lanes exist,Hold,Required if final action remains Hold despite discipline flags,loss_gt_10pct,current_run:output/pricing/price_audit_2026-08-07_20260809_002920.json
2026-08-07,XBI,4.95,40.000000,157.370000,USD,5445.52,1.24,4.36,hold,Tier 2,Rotation destination,,Unresolved,No,,,None,0,,,Flat / opportunity-cost review,,Not hedge sleeve,Review if cash >3% and actionable lanes exist,,,,current_run:output/pricing/price_audit_2026-08-07_20260809_002920.json
2026-08-07,XLU,0.48,14.000000,43.610000,USD,528.17,-0.66,3.00,hold_with_override,Tier 3,Rotation destination,No / under review,No,No,,,Hold under review,8,,,Flat / opportunity-cost review,,Not hedge sleeve,Review if cash >3% and actionable lanes exist,Review defensive ballast role versus BIL/SHV and opportunity cost.,Required if final action remains Hold despite discipline flags,replaceable,current_run:output/pricing/price_audit_2026-08-07_20260809_002920.json
2026-08-07,XLV,4.82,37.000000,165.679990,USD,5303.09,2.40,4.38,hold,Tier 2,Rotation destination,Hold / monitor,,,,,None,0,,,Flat / opportunity-cost review,,,,More useful if broad equity leadership narrows further.,,,current_run:output/pricing/price_audit_2026-08-07_20260809_002920.json
